ジョブ名,実行ノード,ポート番号,実行ファイル,実行時引数,実行時環境変数,作業ディレクトリ,警告終了コード下限,警告終了出力パターン,異常終了コード下限,異常終了出力パターン,実行タイムアウト時間
afterbranch,,,normal.sh,,,,,,,,
cap0001,,,normal.sh,,,,,,,,
cap0002,,,normal.sh,,,,,,,,
cap0003,,,normal.sh,,,,,,,,
cap0004,,,normal.sh,,,,,,,,
cap0005,,,normal.sh,,,,,,,,
cap0006,,,normal.sh,,,,,,,,
cap0007,,,normal.sh,,,,,,,,
cap0008,,,normal.sh,,,,,,,,
cap0009,,,normal.sh,,,,,,,,
cap0010,,,normal.sh,,,,,,,,
cap0011,,,normal.sh,,,,,,,,
cap0012,,,normal.sh,,,,,,,,
cap0013,,,normal.sh,,,,,,,,
cap0014,,,normal.sh,,,,,,,,
cap0015,,,normal.sh,,,,,,,,
cap0016,,,normal.sh,,,,,,,,
cap0017,,,normal.sh,,,,,,,,
cap0018,,,normal.sh,,,,,,,,
cap0019,,,normal.sh,,,,,,,,
cap0020,,,normal.sh,,,,,,,,
cap0021,,,normal.sh,,,,,,,,
cap0022,,,normal.sh,,,,,,,,
cap0023,,,normal.sh,,,,,,,,
cap0024,,,normal.sh,,,,,,,,
cap0025,,,normal.sh,,,,,,,,
cap0026,,,normal.sh,,,,,,,,
cap0027,,,normal.sh,,,,,,,,
cap0028,,,normal.sh,,,,,,,,
cap0029,,,normal.sh,,,,,,,,
cap0030,,,normal.sh,,,,,,,,
cap0031,,,normal.sh,,,,,,,,
cap0032,,,normal.sh,,,,,,,,
cap0033,,,normal.sh,,,,,,,,
cap0034,,,normal.sh,,,,,,,,
cap0035,,,normal.sh,,,,,,,,
cap0036,,,normal.sh,,,,,,,,
cap0037,,,normal.sh,,,,,,,,
cap0038,,,normal.sh,,,,,,,,
cap0039,,,normal.sh,,,,,,,,
cap0040,,,normal.sh,,,,,,,,
cap0041,,,normal.sh,,,,,,,,
cap0042,,,normal.sh,,,,,,,,
cap0043,,,normal.sh,,,,,,,,
cap0044,,,normal.sh,,,,,,,,
cap0045,,,normal.sh,,,,,,,,
cap0046,,,normal.sh,,,,,,,,
cap0047,,,normal.sh,,,,,,,,
cap0048,,,normal.sh,,,,,,,,
cap0049,,,normal.sh,,,,,,,,
cap0050,,,normal.sh,,,,,,,,
cap0051,,,normal.sh,,,,,,,,
cap0052,,,normal.sh,,,,,,,,
cap0053,,,normal.sh,,,,,,,,
cap0054,,,normal.sh,,,,,,,,
cap0055,,,normal.sh,,,,,,,,
cap0056,,,normal.sh,,,,,,,,
cap0057,,,normal.sh,,,,,,,,
cap0058,,,normal.sh,,,,,,,,
cap0059,,,normal.sh,,,,,,,,
cap0060,,,normal.sh,,,,,,,,
cap0061,,,normal.sh,,,,,,,,
cap0062,,,normal.sh,,,,,,,,
cap0063,,,normal.sh,,,,,,,,
cap0064,,,normal.sh,,,,,,,,
cap0065,,,normal.sh,,,,,,,,
cap0066,,,normal.sh,,,,,,,,
cap0067,,,normal.sh,,,,,,,,
cap0068,,,normal.sh,,,,,,,,
cap0069,,,normal.sh,,,,,,,,
cap0070,,,normal.sh,,,,,,,,
cap0071,,,normal.sh,,,,,,,,
cap0072,,,normal.sh,,,,,,,,
cap0073,,,normal.sh,,,,,,,,
cap0074,,,normal.sh,,,,,,,,
cap0075,,,normal.sh,,,,,,,,
cap0076,,,normal.sh,,,,,,,,
cap0077,,,normal.sh,,,,,,,,
cap0078,,,normal.sh,,,,,,,,
cap0079,,,normal.sh,,,,,,,,
cap0080,,,normal.sh,,,,,,,,
cap0081,,,normal.sh,,,,,,,,
cap0082,,,normal.sh,,,,,,,,
cap0083,,,normal.sh,,,,,,,,
cap0084,,,normal.sh,,,,,,,,
cap0085,,,normal.sh,,,,,,,,
cap0086,,,normal.sh,,,,,,,,
cap0087,,,normal.sh,,,,,,,,
cap0088,,,normal.sh,,,,,,,,
cap0089,,,normal.sh,,,,,,,,
cap0090,,,normal.sh,,,,,,,,
cap0091,,,normal.sh,,,,,,,,
cap0092,,,normal.sh,,,,,,,,
cap0093,,,normal.sh,,,,,,,,
cap0094,,,normal.sh,,,,,,,,
cap0095,,,normal.sh,,,,,,,,
cap0096,,,normal.sh,,,,,,,,
cap0097,,,normal.sh,,,,,,,,
cap0098,,,normal.sh,,,,,,,,
cap0099,,,normal.sh,,,,,,,,
cap0100,,,normal.sh,,,,,,,,
cap0101,,,normal.sh,,,,,,,,
cap0102,,,normal.sh,,,,,,,,
cap0103,,,normal.sh,,,,,,,,
cap0104,,,normal.sh,,,,,,,,
cap0105,,,normal.sh,,,,,,,,
cap0106,,,normal.sh,,,,,,,,
cap0107,,,normal.sh,,,,,,,,
cap0108,,,normal.sh,,,,,,,,
cap0109,,,normal.sh,,,,,,,,
cap0110,,,normal.sh,,,,,,,,
cap0111,,,normal.sh,,,,,,,,
cap0112,,,normal.sh,,,,,,,,
cap0113,,,normal.sh,,,,,,,,
cap0114,,,normal.sh,,,,,,,,
cap0115,,,normal.sh,,,,,,,,
cap0116,,,normal.sh,,,,,,,,
cap0117,,,normal.sh,,,,,,,,
cap0118,,,normal.sh,,,,,,,,
cap0119,,,normal.sh,,,,,,,,
cap0120,,,normal.sh,,,,,,,,
cap0121,,,normal.sh,,,,,,,,
cap0122,,,normal.sh,,,,,,,,
cap0123,,,normal.sh,,,,,,,,
cap0124,,,normal.sh,,,,,,,,
cap0125,,,normal.sh,,,,,,,,
cap0126,,,normal.sh,,,,,,,,
cap0127,,,normal.sh,,,,,,,,
cap0128,,,normal.sh,,,,,,,,
cap0129,,,normal.sh,,,,,,,,
cap0130,,,normal.sh,,,,,,,,
cap0131,,,normal.sh,,,,,,,,
cap0132,,,normal.sh,,,,,,,,
cap0133,,,normal.sh,,,,,,,,
cap0134,,,normal.sh,,,,,,,,
cap0135,,,normal.sh,,,,,,,,
cap0136,,,normal.sh,,,,,,,,
cap0137,,,normal.sh,,,,,,,,
cap0138,,,normal.sh,,,,,,,,
cap0139,,,normal.sh,,,,,,,,
cap0140,,,normal.sh,,,,,,,,
cap0141,,,normal.sh,,,,,,,,
cap0142,,,normal.sh,,,,,,,,
cap0143,,,normal.sh,,,,,,,,
cap0144,,,normal.sh,,,,,,,,
cap0145,,,normal.sh,,,,,,,,
cap0146,,,normal.sh,,,,,,,,
cap0147,,,normal.sh,,,,,,,,
cap0148,,,normal.sh,,,,,,,,
cap0149,,,normal.sh,,,,,,,,
cap0150,,,normal.sh,,,,,,,,
cap0151,,,normal.sh,,,,,,,,
cap0152,,,normal.sh,,,,,,,,
cap0153,,,normal.sh,,,,,,,,
cap0154,,,normal.sh,,,,,,,,
cap0155,,,normal.sh,,,,,,,,
cap0156,,,normal.sh,,,,,,,,
cap0157,,,normal.sh,,,,,,,,
cap0158,,,normal.sh,,,,,,,,
cap0159,,,normal.sh,,,,,,,,
cap0160,,,normal.sh,,,,,,,,
cap0161,,,normal.sh,,,,,,,,
cap0162,,,normal.sh,,,,,,,,
cap0163,,,normal.sh,,,,,,,,
cap0164,,,normal.sh,,,,,,,,
cap0165,,,normal.sh,,,,,,,,
cap0166,,,normal.sh,,,,,,,,
cap0167,,,normal.sh,,,,,,,,
cap0168,,,normal.sh,,,,,,,,
cap0169,,,normal.sh,,,,,,,,
cap0170,,,normal.sh,,,,,,,,
cap0171,,,normal.sh,,,,,,,,
cap0172,,,normal.sh,,,,,,,,
cap0173,,,normal.sh,,,,,,,,
cap0174,,,normal.sh,,,,,,,,
cap0175,,,normal.sh,,,,,,,,
cap0176,,,normal.sh,,,,,,,,
cap0177,,,normal.sh,,,,,,,,
cap0178,,,normal.sh,,,,,,,,
cap0179,,,normal.sh,,,,,,,,
cap0180,,,normal.sh,,,,,,,,
cap0181,,,normal.sh,,,,,,,,
cap0182,,,normal.sh,,,,,,,,
cap0183,,,normal.sh,,,,,,,,
cap0184,,,normal.sh,,,,,,,,
cap0185,,,normal.sh,,,,,,,,
cap0186,,,normal.sh,,,,,,,,
cap0187,,,normal.sh,,,,,,,,
cap0188,,,normal.sh,,,,,,,,
cap0189,,,normal.sh,,,,,,,,
cap0190,,,normal.sh,,,,,,,,
cap0191,,,normal.sh,,,,,,,,
cap0192,,,normal.sh,,,,,,,,
cap0193,,,normal.sh,,,,,,,,
cap0194,,,normal.sh,,,,,,,,
cap0195,,,normal.sh,,,,,,,,
cap0196,,,normal.sh,,,,,,,,
cap0197,,,normal.sh,,,,,,,,
cap0198,,,normal.sh,,,,,,,,
cap0199,,,normal.sh,,,,,,,,
cap0200,,,normal.sh,,,,,,,,
cap0201,,,normal.sh,,,,,,,,
cap0202,,,normal.sh,,,,,,,,
cap0203,,,normal.sh,,,,,,,,
cap0204,,,normal.sh,,,,,,,,
cap0205,,,normal.sh,,,,,,,,
cap0206,,,normal.sh,,,,,,,,
cap0207,,,normal.sh,,,,,,,,
cap0208,,,normal.sh,,,,,,,,
cap0209,,,normal.sh,,,,,,,,
cap0210,,,normal.sh,,,,,,,,
cap0211,,,normal.sh,,,,,,,,
cap0212,,,normal.sh,,,,,,,,
cap0213,,,normal.sh,,,,,,,,
cap0214,,,normal.sh,,,,,,,,
cap0215,,,normal.sh,,,,,,,,
cap0216,,,normal.sh,,,,,,,,
cap0217,,,normal.sh,,,,,,,,
cap0218,,,normal.sh,,,,,,,,
cap0219,,,normal.sh,,,,,,,,
cap0220,,,normal.sh,,,,,,,,
cap0221,,,normal.sh,,,,,,,,
cap0222,,,normal.sh,,,,,,,,
cap0223,,,normal.sh,,,,,,,,
cap0224,,,normal.sh,,,,,,,,
cap0225,,,normal.sh,,,,,,,,
cap0226,,,normal.sh,,,,,,,,
cap0227,,,normal.sh,,,,,,,,
cap0228,,,normal.sh,,,,,,,,
cap0229,,,normal.sh,,,,,,,,
cap0230,,,normal.sh,,,,,,,,
cap0231,,,normal.sh,,,,,,,,
cap0232,,,normal.sh,,,,,,,,
cap0233,,,normal.sh,,,,,,,,
cap0234,,,normal.sh,,,,,,,,
cap0235,,,normal.sh,,,,,,,,
cap0236,,,normal.sh,,,,,,,,
cap0237,,,normal.sh,,,,,,,,
cap0238,,,normal.sh,,,,,,,,
cap0239,,,normal.sh,,,,,,,,
cap0240,,,normal.sh,,,,,,,,
cap0241,,,normal.sh,,,,,,,,
cap0242,,,normal.sh,,,,,,,,
cap0243,,,normal.sh,,,,,,,,
cap0244,,,normal.sh,,,,,,,,
cap0245,,,normal.sh,,,,,,,,
cap0246,,,normal.sh,,,,,,,,
cap0247,,,normal.sh,,,,,,,,
cap0248,,,normal.sh,,,,,,,,
cap0249,,,normal.sh,,,,,,,,
cap0250,,,normal.sh,,,,,,,,
cap0251,,,normal.sh,,,,,,,,
cap0252,,,normal.sh,,,,,,,,
cap0253,,,normal.sh,,,,,,,,
cap0254,,,normal.sh,,,,,,,,
cap0255,,,normal.sh,,,,,,,,
cap1001,,,sleep.sh,5,,,,,,,
cap1002,,,sleep.sh,5,,,,,,,
cap1003,,,sleep.sh,5,,,,,,,
cap1004,,,sleep.sh,5,,,,,,,
cap1005,,,sleep.sh,5,,,,,,,
cap1006,,,sleep.sh,5,,,,,,,
cap1007,,,sleep.sh,5,,,,,,,
cap1008,,,sleep.sh,5,,,,,,,
cap1009,,,sleep.sh,5,,,,,,,
cap1010,,,sleep.sh,5,,,,,,,
cap1011,,,sleep.sh,5,,,,,,,
cap1012,,,sleep.sh,5,,,,,,,
cap1013,,,sleep.sh,5,,,,,,,
cap1014,,,sleep.sh,5,,,,,,,
cap1015,,,sleep.sh,5,,,,,,,
cap1016,,,sleep.sh,5,,,,,,,
cap1017,,,sleep.sh,5,,,,,,,
cap1018,,,sleep.sh,5,,,,,,,
cap1019,,,sleep.sh,5,,,,,,,
cap1020,,,sleep.sh,5,,,,,,,
cap1021,,,sleep.sh,5,,,,,,,
cap1022,,,sleep.sh,5,,,,,,,
cap1023,,,sleep.sh,5,,,,,,,
cap1024,,,sleep.sh,5,,,,,,,
cap1025,,,sleep.sh,5,,,,,,,
cap1026,,,sleep.sh,5,,,,,,,
cap1027,,,sleep.sh,5,,,,,,,
cap1028,,,sleep.sh,5,,,,,,,
cap1029,,,sleep.sh,5,,,,,,,
cap1030,,,sleep.sh,5,,,,,,,
cap1031,,,sleep.sh,5,,,,,,,
cap1032,,,sleep.sh,5,,,,,,,
cap1033,,,sleep.sh,5,,,,,,,
cap1034,,,sleep.sh,5,,,,,,,
cap1035,,,sleep.sh,5,,,,,,,
cap1036,,,sleep.sh,5,,,,,,,
cap1037,,,sleep.sh,5,,,,,,,
cap1038,,,sleep.sh,5,,,,,,,
cap1039,,,sleep.sh,5,,,,,,,
cap1040,,,sleep.sh,5,,,,,,,
cap1041,,,sleep.sh,5,,,,,,,
cap1042,,,sleep.sh,5,,,,,,,
cap1043,,,sleep.sh,5,,,,,,,
cap1044,,,sleep.sh,5,,,,,,,
cap1045,,,sleep.sh,5,,,,,,,
cap1046,,,sleep.sh,5,,,,,,,
cap1047,,,sleep.sh,5,,,,,,,
cap1048,,,sleep.sh,5,,,,,,,
cap1049,,,sleep.sh,5,,,,,,,
cap1050,,,sleep.sh,5,,,,,,,
cap1051,,,sleep.sh,5,,,,,,,
cap1052,,,sleep.sh,5,,,,,,,
cap1053,,,sleep.sh,5,,,,,,,
cap1054,,,sleep.sh,5,,,,,,,
cap1055,,,sleep.sh,5,,,,,,,
cap1056,,,sleep.sh,5,,,,,,,
cap1057,,,sleep.sh,5,,,,,,,
cap1058,,,sleep.sh,5,,,,,,,
cap1059,,,sleep.sh,5,,,,,,,
cap1060,,,sleep.sh,5,,,,,,,
cap1061,,,sleep.sh,5,,,,,,,
cap1062,,,sleep.sh,5,,,,,,,
cap1063,,,sleep.sh,5,,,,,,,
cap1064,,,sleep.sh,5,,,,,,,
cap1065,,,sleep.sh,5,,,,,,,
cap1066,,,sleep.sh,5,,,,,,,
cap1067,,,sleep.sh,5,,,,,,,
cap1068,,,sleep.sh,5,,,,,,,
cap1069,,,sleep.sh,5,,,,,,,
cap1070,,,sleep.sh,5,,,,,,,
cap1071,,,sleep.sh,5,,,,,,,
cap1072,,,sleep.sh,5,,,,,,,
cap1073,,,sleep.sh,5,,,,,,,
cap1074,,,sleep.sh,5,,,,,,,
cap1075,,,sleep.sh,5,,,,,,,
cap1076,,,sleep.sh,5,,,,,,,
cap1077,,,sleep.sh,5,,,,,,,
cap1078,,,sleep.sh,5,,,,,,,
cap1079,,,sleep.sh,5,,,,,,,
cap1080,,,sleep.sh,5,,,,,,,
cap1081,,,sleep.sh,5,,,,,,,
cap1082,,,sleep.sh,5,,,,,,,
cap1083,,,sleep.sh,5,,,,,,,
cap1084,,,sleep.sh,5,,,,,,,
cap1085,,,sleep.sh,5,,,,,,,
cap1086,,,sleep.sh,5,,,,,,,
cap1087,,,sleep.sh,5,,,,,,,
cap1088,,,sleep.sh,5,,,,,,,
cap1089,,,sleep.sh,5,,,,,,,
cap1090,,,sleep.sh,5,,,,,,,
cap1091,,,sleep.sh,5,,,,,,,
cap1092,,,sleep.sh,5,,,,,,,
cap1093,,,sleep.sh,5,,,,,,,
cap1094,,,sleep.sh,5,,,,,,,
cap1095,,,sleep.sh,5,,,,,,,
cap1096,,,sleep.sh,5,,,,,,,
cap1097,,,sleep.sh,5,,,,,,,
cap1098,,,sleep.sh,5,,,,,,,
cap1099,,,sleep.sh,5,,,,,,,
cap1100,,,sleep.sh,5,,,,,,,
cap1101,,,sleep.sh,5,,,,,,,
cap1102,,,sleep.sh,5,,,,,,,
cap1103,,,sleep.sh,5,,,,,,,
cap1104,,,sleep.sh,5,,,,,,,
cap1105,,,sleep.sh,5,,,,,,,
cap1106,,,sleep.sh,5,,,,,,,
cap1107,,,sleep.sh,5,,,,,,,
cap1108,,,sleep.sh,5,,,,,,,
cap1109,,,sleep.sh,5,,,,,,,
cap1110,,,sleep.sh,5,,,,,,,
cap1111,,,sleep.sh,5,,,,,,,
cap1112,,,sleep.sh,5,,,,,,,
cap1113,,,sleep.sh,5,,,,,,,
cap1114,,,sleep.sh,5,,,,,,,
cap1115,,,sleep.sh,5,,,,,,,
cap1116,,,sleep.sh,5,,,,,,,
cap1117,,,sleep.sh,5,,,,,,,
cap1118,,,sleep.sh,5,,,,,,,
cap1119,,,sleep.sh,5,,,,,,,
cap1120,,,sleep.sh,5,,,,,,,
cap1121,,,sleep.sh,5,,,,,,,
cap1122,,,sleep.sh,5,,,,,,,
cap1123,,,sleep.sh,5,,,,,,,
cap1124,,,sleep.sh,5,,,,,,,
cap1125,,,sleep.sh,5,,,,,,,
cap1126,,,sleep.sh,5,,,,,,,
cap1127,,,sleep.sh,5,,,,,,,
cap1128,,,sleep.sh,5,,,,,,,
cap1129,,,sleep.sh,5,,,,,,,
cap1130,,,sleep.sh,5,,,,,,,
cap1131,,,sleep.sh,5,,,,,,,
cap1132,,,sleep.sh,5,,,,,,,
cap1133,,,sleep.sh,5,,,,,,,
cap1134,,,sleep.sh,5,,,,,,,
cap1135,,,sleep.sh,5,,,,,,,
cap1136,,,sleep.sh,5,,,,,,,
cap1137,,,sleep.sh,5,,,,,,,
cap1138,,,sleep.sh,5,,,,,,,
cap1139,,,sleep.sh,5,,,,,,,
cap1140,,,sleep.sh,5,,,,,,,
cap1141,,,sleep.sh,5,,,,,,,
cap1142,,,sleep.sh,5,,,,,,,
cap1143,,,sleep.sh,5,,,,,,,
cap1144,,,sleep.sh,5,,,,,,,
cap1145,,,sleep.sh,5,,,,,,,
cap1146,,,sleep.sh,5,,,,,,,
cap1147,,,sleep.sh,5,,,,,,,
cap1148,,,sleep.sh,5,,,,,,,
cap1149,,,sleep.sh,5,,,,,,,
cap1150,,,sleep.sh,5,,,,,,,
cap1151,,,sleep.sh,5,,,,,,,
cap1152,,,sleep.sh,5,,,,,,,
cap1153,,,sleep.sh,5,,,,,,,
cap1154,,,sleep.sh,5,,,,,,,
cap1155,,,sleep.sh,5,,,,,,,
cap1156,,,sleep.sh,5,,,,,,,
cap1157,,,sleep.sh,5,,,,,,,
cap1158,,,sleep.sh,5,,,,,,,
cap1159,,,sleep.sh,5,,,,,,,
cap1160,,,sleep.sh,5,,,,,,,
cap1161,,,sleep.sh,5,,,,,,,
cap1162,,,sleep.sh,5,,,,,,,
cap1163,,,sleep.sh,5,,,,,,,
cap1164,,,sleep.sh,5,,,,,,,
cap1165,,,sleep.sh,5,,,,,,,
cap1166,,,sleep.sh,5,,,,,,,
cap1167,,,sleep.sh,5,,,,,,,
cap1168,,,sleep.sh,5,,,,,,,
cap1169,,,sleep.sh,5,,,,,,,
cap1170,,,sleep.sh,5,,,,,,,
cap1171,,,sleep.sh,5,,,,,,,
cap1172,,,sleep.sh,5,,,,,,,
cap1173,,,sleep.sh,5,,,,,,,
cap1174,,,sleep.sh,5,,,,,,,
cap1175,,,sleep.sh,5,,,,,,,
cap1176,,,sleep.sh,5,,,,,,,
cap1177,,,sleep.sh,5,,,,,,,
cap1178,,,sleep.sh,5,,,,,,,
cap1179,,,sleep.sh,5,,,,,,,
cap1180,,,sleep.sh,5,,,,,,,
cap1181,,,sleep.sh,5,,,,,,,
cap1182,,,sleep.sh,5,,,,,,,
cap1183,,,sleep.sh,5,,,,,,,
cap1184,,,sleep.sh,5,,,,,,,
cap1185,,,sleep.sh,5,,,,,,,
cap1186,,,sleep.sh,5,,,,,,,
cap1187,,,sleep.sh,5,,,,,,,
cap1188,,,sleep.sh,5,,,,,,,
cap1189,,,sleep.sh,5,,,,,,,
cap1190,,,sleep.sh,5,,,,,,,
cap1191,,,sleep.sh,5,,,,,,,
cap1192,,,sleep.sh,5,,,,,,,
cap1193,,,sleep.sh,5,,,,,,,
cap1194,,,sleep.sh,5,,,,,,,
cap1195,,,sleep.sh,5,,,,,,,
cap1196,,,sleep.sh,5,,,,,,,
cap1197,,,sleep.sh,5,,,,,,,
cap1198,,,sleep.sh,5,,,,,,,
cap1199,,,sleep.sh,5,,,,,,,
cap1200,,,sleep.sh,5,,,,,,,
cap1201,,,sleep.sh,5,,,,,,,
cap1202,,,sleep.sh,5,,,,,,,
cap1203,,,sleep.sh,5,,,,,,,
cap1204,,,sleep.sh,5,,,,,,,
cap1205,,,sleep.sh,5,,,,,,,
cap1206,,,sleep.sh,5,,,,,,,
cap1207,,,sleep.sh,5,,,,,,,
cap1208,,,sleep.sh,5,,,,,,,
cap1209,,,sleep.sh,5,,,,,,,
cap1210,,,sleep.sh,5,,,,,,,
cap1211,,,sleep.sh,5,,,,,,,
cap1212,,,sleep.sh,5,,,,,,,
cap1213,,,sleep.sh,5,,,,,,,
cap1214,,,sleep.sh,5,,,,,,,
cap1215,,,sleep.sh,5,,,,,,,
cap1216,,,sleep.sh,5,,,,,,,
cap1217,,,sleep.sh,5,,,,,,,
cap1218,,,sleep.sh,5,,,,,,,
cap1219,,,sleep.sh,5,,,,,,,
cap1220,,,sleep.sh,5,,,,,,,
cap1221,,,sleep.sh,5,,,,,,,
cap1222,,,sleep.sh,5,,,,,,,
cap1223,,,sleep.sh,5,,,,,,,
cap1224,,,sleep.sh,5,,,,,,,
cap1225,,,sleep.sh,5,,,,,,,
cap1226,,,sleep.sh,5,,,,,,,
cap1227,,,sleep.sh,5,,,,,,,
cap1228,,,sleep.sh,5,,,,,,,
cap1229,,,sleep.sh,5,,,,,,,
cap1230,,,sleep.sh,5,,,,,,,
cap1231,,,sleep.sh,5,,,,,,,
cap1232,,,sleep.sh,5,,,,,,,
cap1233,,,sleep.sh,5,,,,,,,
cap1234,,,sleep.sh,5,,,,,,,
cap1235,,,sleep.sh,5,,,,,,,
cap1236,,,sleep.sh,5,,,,,,,
cap1237,,,sleep.sh,5,,,,,,,
cap1238,,,sleep.sh,5,,,,,,,
cap1239,,,sleep.sh,5,,,,,,,
cap1240,,,sleep.sh,5,,,,,,,
cap1241,,,sleep.sh,5,,,,,,,
cap1242,,,sleep.sh,5,,,,,,,
cap1243,,,sleep.sh,5,,,,,,,
cap1244,,,sleep.sh,5,,,,,,,
cap1245,,,sleep.sh,5,,,,,,,
cap1246,,,sleep.sh,5,,,,,,,
cap1247,,,sleep.sh,5,,,,,,,
cap1248,,,sleep.sh,5,,,,,,,
cap1249,,,sleep.sh,5,,,,,,,
cap1250,,,sleep.sh,5,,,,,,,
cap1251,,,sleep.sh,5,,,,,,,
cap1252,,,sleep.sh,5,,,,,,,
cap1253,,,sleep.sh,5,,,,,,,
cap1254,,,sleep.sh,5,,,,,,,
cap1255,,,sleep.sh,5,,,,,,,
